val_loss,accuracy,f1,roc_auc,hamming,jaccard,precision,recall,specificity,average_precision,kappa
0.014278620731193518,0.93,0.9299118975174578,0.9694183232154903,0.07,0.8690150656738507,0.9309591794096286,0.9296809903582908,0.9077490774907749,0.961977661101351,0.8598851289652343
