val_loss,accuracy,f1,roc_auc,hamming,jaccard,precision,recall,specificity,average_precision,kappa
0.21209131461986597,0.9263636363636364,0.9262973039371798,0.9714154399608512,0.07363636363636364,0.8627209271622017,0.9269151138716356,0.9261232128450316,0.9095940959409594,0.970160213490971,0.8526298379093615
